title_id,tone,theme
375366,"thought-provoking, feel-good","supernatural, coming-of-age"
375588,"high-energy, suspenseful","war-torn, conspiracy"
376290,"thought-provoking, feel-good",underdog
376328,"dark, tense, satirical",whodunit
376476,"heartwarming, feel-good, high-energy","found-family, war-torn, opposites-attract, conspiracy"
376865,"dark, tense, high-energy","whodunit, workplace, war-torn, survival"
376867,"heartwarming, feel-good","coming-of-age, opposites-attract"
377264,"thought-provoking, feel-good",conspiracy
377670,"thought-provoking, feel-good",conspiracy
378064,"thought-provoking, feel-good",coming-of-age
378111,"heartwarming, feel-good","time-travel, coming-of-age, found-family, survival"
378236,"thought-provoking, feel-good",underdog
379149,"dark, tense, heartwarming","whodunit, coming-of-age, workplace, war-torn"
379686,"thought-provoking, feel-good",coming-of-age
381283,"thought-provoking, feel-good",opposites-attract
381284,"high-energy, suspenseful",workplace
381288,"high-energy, suspenseful","whodunit, coming-of-age, war-torn, survival"
381394,"thought-provoking, feel-good",coming-of-age
381719,"heartwarming, feel-good, high-energy","war-torn, opposites-attract"
382190,"high-energy, suspenseful","found-family, workplace, war-torn, conspiracy"
382272,"dark, tense","whodunit, found-family, conspiracy"
382511,"heartwarming, feel-good","supernatural, time-travel, opposites-attract"
382892,"heartwarming, feel-good","coming-of-age, found-family, opposites-attract"
383244,"thought-provoking, feel-good","coming-of-age, found-family"
383498,"dark, tense, high-energy","coming-of-age, war-torn"
384018,"high-energy, suspenseful",underdog
384345,"heartwarming, feel-good","supernatural, found-family"
384476,"thought-provoking, feel-good",underdog
384680,"heartwarming, feel-good","found-family, workplace, war-torn"
384798,"dark, tense, high-energy","whodunit, war-torn"
385029,"thought-provoking, feel-good",supernatural
385103,"dark, tense, heartwarming","supernatural, whodunit, coming-of-age, found-family"
385128,"dark, tense, high-energy","found-family, war-torn"
385509,"satirical, high-energy","time-travel, workplace"
385687,"dark, tense, heartwarming","found-family, opposites-attract"
386716,"satirical, high-energy, heartwarming","time-travel, coming-of-age, found-family, workplace"
386874,"heartwarming, feel-good, high-energy","time-travel, coming-of-age, war-torn, opposites-attract"
387592,"thought-provoking, feel-good",found-family
387810,"thought-provoking, feel-good","time-travel, found-family, opposites-attract"
387820,"thought-provoking, feel-good",underdog
387839,"heartwarming, feel-good","workplace, opposites-attract"
387848,"heartwarming, feel-good, high-energy","coming-of-age, found-family, war-torn, opposites-attract"
388399,"high-energy, suspenseful",whodunit
388733,"thought-provoking, feel-good","coming-of-age, conspiracy"
389714,"thought-provoking, feel-good","coming-of-age, opposites-attract"
390043,"thought-provoking, feel-good","time-travel, found-family, workplace"
390634,"dark, tense, high-energy",war-torn
390635,"dark, tense, high-energy",war-torn
390734,"high-energy, suspenseful","supernatural, war-torn, opposites-attract"
390845,"heartwarming, feel-good, high-energy","coming-of-age, found-family, war-torn"