"title_id","tone","theme"
"414549","swoonworthy, eerie, gritty","betrayal, forbidden-love, heist, enemies-to-lovers"
"414906","thought-provoking","whodunit, heist, conspiracy, undercover"
"415106","campy, swoonworthy, feel-good","love-triangle, rise-and-fall, road-trip"
"415204","high-energy, feel-good, disturbing","workplace, opposites-attract, love-triangle, courtroom"
"415842","tearjerker, gritty, thought-provoking","heist, conspiracy, revenge, whodunit"
"415850","swoonworthy, gritty","forbidden-love, rise-and-fall, found-family, second-chance-romance"
"416148","thought-provoking, campy, eerie","rise-and-fall, betrayal, immigrant-experience, fish-out-of-water"
"416153","eerie","cat-and-mouse, undercover, war-torn"
"417384","tearjerker","supernatural, whodunit, war-torn"
"417555","tearjerker, disturbing, gritty","whodunit, undercover, heist, war-torn"
"417709","swoonworthy, heartwarming, tearjerker","enemies-to-lovers, love-triangle, forbidden-love, second-chance-romance"
"418579","swoonworthy, tearjerker, bittersweet","love-triangle, found-family, time-travel, opposites-attract"
"418580","eerie, bittersweet, swoonworthy","found-family, enemies-to-lovers, opposites-attract, love-triangle"
"419114","bittersweet, whimsical","alternate-reality, chosen-one"
"419116","swoonworthy","enemies-to-lovers, love-triangle, found-family, forbidden-love"
"419329","bittersweet, melancholic","opposites-attract, war-torn, time-travel"
"419430","swoonworthy, eerie, disturbing","found-family, love-triangle, forbidden-love, second-chance-romance"
"419835","gritty, thought-provoking, heartwarming","whodunit, heist, betrayal, found-family"
"420426","eerie, whimsical","supernatural, war-torn, betrayal, redemption"
"420515","tearjerker, disturbing, gritty","enemies-to-lovers, time-travel, war-torn, betrayal"
"420634","satirical, whimsical, eerie","supernatural, undercover, war-torn, whodunit"
"420809","eerie","supernatural, enemies-to-lovers, war-torn"
"420814","tearjerker","rags-to-riches, class-conflict, rise-and-fall, alternate-reality"
"420817","whimsical, eerie, dark","rags-to-riches, road-trip, class-conflict, fish-out-of-water"
"420818","gritty, suspenseful","war-torn, underdog"
"420821","thought-provoking","cat-and-mouse, time-travel"
"421658","tearjerker","heist, whodunit, war-torn, underdog"
"421792","bittersweet, tearjerker, melancholic","mentor-protege, workplace, war-torn, forbidden-love"
"422254","bittersweet","workplace, chosen-one"
"422803","dark, eerie, disturbing","alternate-reality"
"422930","gritty, tearjerker, disturbing","betrayal, revenge, whodunit, redemption"
"423108","thought-provoking","supernatural, whodunit, heist, betrayal"
"423204","gritty","undercover, heist, whodunit, conspiracy"
"423335","tearjerker, swoonworthy, eerie","enemies-to-lovers, courtroom, war-torn, class-conflict"
"424121","eerie","whodunit, redemption, supernatural, undercover"
"424139","tearjerker","whodunit, supernatural, conspiracy, betrayal"
"424694","dark","second-chance-romance"
"424783","eerie","conspiracy"
"425001","tearjerker, eerie, thought-provoking","time-travel, found-family, redemption, betrayal"
"425274","eerie","supernatural, betrayal, whodunit, undercover"
"425336","disturbing, tearjerker, feel-good","chosen-one, workplace, alternate-reality, war-torn"
"425650","disturbing, eerie, tearjerker","supernatural, time-travel"
"425909","eerie, tearjerker","supernatural, coming-of-age, found-family, whodunit"
"426063","eerie, tearjerker, disturbing","supernatural, enemies-to-lovers, forbidden-love, whodunit"
"426284","bittersweet, melancholic","war-torn, chosen-one, rise-and-fall, underdog"
"426548","disturbing","road-trip, whodunit, time-travel, supernatural"
"426631","eerie, tearjerker, disturbing","fish-out-of-water, betrayal, enemies-to-lovers, conspiracy"
"427606","eerie, disturbing, swoonworthy","fish-out-of-water, enemies-to-lovers, opposites-attract, betrayal"
"427641","eerie","undercover, underdog"
"428078","slow-burn","dystopia, road-trip, war-torn, coming-of-age"
