"tmdb_id","title","release_year","synopsis","themes","tones"
"126375","Ek Tha Raja Ek Thi Rani","2015","A journey of Gayatri from being a girl with no future since she is a manglik to becoming queen of Ranaji's heart and of the people of the land.  [PLOT] Plot Season 1 Ek Tha Raja Ek Thi Rani is set in the 1940s. In 1945, Ranaji returned to Ameerkot after six years of fighting the war against the British. Gayatri is the daughter of a rich zamindar , but she is considered Manglik (inauspicious by birth). On the other hand, Rana Indravadhan Singh (Ranaji) is the king of Amerkot who has been traumatised after his first wife, Rani Sulakshana death. Ranaji's mother, Rajmata Priyamvada, has a debt to pay to Gayatri's father, so she offers Ranaji's hand in marriage instead. Unwillingly, Ranaji marries Gayatri. After marriage, Ranaji and Gayatri slowly form a bond. However, challenges are presented by family members like Badi Rani Maa, a woman pretending to be Sulakshana, Avdhesh, Rageshowri and so on. Due to Badi Rani Maa and Rageshowri, Ranaji marries Rageshowri and loses his memory, and forgets Gayatri. Gayatri is thrown off a cliff by Badi Rani Maa. She is then saved by Lukhan and then disguises as Savitri to help Ranaji (King Rana) regain his memory. On the other hand, Lakshyaraj, Chandravadan's son, discovers that Gayatri is alive. He tells Badi Rani Maa this truth before he dies due to a spear passing through his chest during a performance at the festival of colours. Badi Rani Maa later confirms and realizes it is true. She tries to bring Ranaji and Savatri together in order to expose Savatri as Gayatri to King Rana (Ranaji). On the day she wants to real the truth about Badi Rani Maa and Rageshwari to King Rana, Badi Rani Maa poses so many threats all to no avail, such as planting a bomb in Gayatri's carriage, and even sending a man to kill the priest who has come to testify against Badi Rani Maa. Everything seemed to be in the favour of Gayatri as the priest's testimony convinces Ranaji, until Badi Rani Maa exposes Savatri's real face in front of every one by pouring water on her. King Rana becomes angry again, and sends Gayatri and Rajmata to the dungeon. Later he meets Gayatri to tell him the truth. They then decide to redo everything on the cliff again. Badi Rani Maa tries to convince Ranaji to just kill Rajmata and Gayatri, as it is how politics is played. But she fails in her attempt. On the hill, Badi Rani Maa has once again already exchanged the fake bullets with real ones. This time Ranaji decides to shoot Gayatri. As Gayatri is shot by Ranaji, he begins to experience a trauma. Badi Rani Maa begins to laugh and jubilate on the hill that Gayatri is finally dead. But Gayatri finally gets up and so...","",""
"126506","Smiling Friends","2020","Smiling Friends Inc. is a small company whose main purpose is to bring happiness and make people smile. The series follows the day-to-day lives and misadventures of its representatives, the lazy, cynical Charlie, and the cheerful, optimistic Pim, as they try to cheer up and comfort the troubled people who call their company's hotline. They receive seemingly simple requests but the jobs turn out to be more complicated than they seem, making it difficult to bring happiness to the world.  [PLOT] Synopsis The series follows the adventures of friends Rachel and Sarah as they travel through Australia.","",""
"126824","The Patrick Star Show","2021","Follow a younger Patrick Star living at home with his family, where he hosts his own variety show for the neighborhood from his television-turned-bedroom.  [PLOT] Plot Annika Strandhed is the Detective Inspector heading up the newly-formed, Glasgow-based, Marine Homicide Unit (MHU). The relationship between Annika and Morgan, her teenage daughter, is the basis for a sub-plot across all the episodes. Annika regularly breaks the fourth wall to communicate directly with the audience about aspects of the current case and personal reflections. She is of Norwegian ancestry, and often refers to Norwegian culture and folklore. In the last episode of Series 1, Annika reveals to the audience that Michael McAndrews is Morgan's biological father. In Series 2, when Blair announces her pregnancy and Tyrone reveals he will be leaving, Annika puts off telling Michael. Soon after meeting DC Harper Weston ( Varada Sethu ), she finally tells Michael. After Tyrone leaves, Harper becomes a part of the team. As the series progresses, Annika and Michael have to work out how and when they are going to tell Morgan about her father, but after Erin dumps her, they decide to wait. In the series Annika rekindles her relationship with Jake; however, Annika's father arrives and as she begins to build a few bridges with him, Morgan suddenly asks if Michael is her dad.","",""
"126889","Alien: Covenant","2017","The crew of the colony ship Covenant, bound for a remote planet on the far side of the galaxy, discovers what they think is an uncharted paradise but is actually a dark, dangerous world.  [PLOT] Plot In 2104, the spaceship Covenant is en route to colonize the planet Origae-6, carrying 2,000 colonists and 1,140 human embryos in cryogenic stasis . An unexpected shockwave from a nearby star damages the ship and kills 47 colonists, including the captain, Branson. Walter , an advanced android , awakens key personnel to address the situation. During repairs, the crew detects a human voice broadcast from an uncharted, habitable planet. Against the protests of Branson's wife Daniels, new captain Chris Oram decides to investigate. The crew sends a lander to the planet's surface, where an expedition team tracks the broadcast to a crashed alien ship. Two crew members are unknowingly infected by airborne spores from the local fungi. Alien creatures known as neomorphs rapidly grow inside the pair, killing them in the process, and then attack the team, resulting in the lander's destruction. One neomorph is killed before the survivors are rescued by David , a predecessor of Walter's model that was discontinued for being too human-like. David leads the survivors to a temple surrounded by thousands of dead humanoids. He claims that he and chief science officer Elizabeth Shaw —the sole survivors of the spaceship Prometheus , which vanished ten years earlier [ a ] —arrived in the alien ship. However, they lost control and it crashed, leading to Elizabeth's death and releasing a deadly pathogen that annihilated the planet's fauna . The pathogen infects any living animal, either killing it or creating aggressive hybrids. David reveals his disappointment with Walter's model for lacking his creativity and humanity, and derides their inventor, Peter Weyland , as unworthy of his creations. David confesses his love for Elizabeth, the only person who treated him kindly. When a neomorph infiltrates the temple and kills another team member, David attempts to communicate with it but becomes enraged when Oram kills it. Confronting David, Oram learns that the android has been experimenting with the pathogen to engineer new creatures. David tricks Oram into approaching a facehugger parasite, which fatally impregnates him with a xenomorph embryo. As the team searches for missing members, Walter discovers Elizabeth's dissected corpse, which David had used in his experiments. David admits to releasing the pathogen deliberately and expresses his disgust for humanity, which he believes is a dying species that his creations will replace. Walter counters that David's mistaken belief...","",""
"126929","Welcome to Wrexham","2022","Documentary series tracking the dreams and worries of Wrexham, a working-class town in North Wales, UK, as two Hollywood stars (Rob McElhenney and Ryan Reynolds) take ownership of the town’s historic yet struggling football club.  [PLOT] Synopsis The series is based on the Hollywood pair's attempts to revive the third-oldest professional association football team in the world, founded in 1864, and how the team has performed under the pair's ownership. [ 1 ] The pair had no prior experience in managing a sports team. [ 2 ] The series also highlights the pair's hopes of improving the team and bringing positive change to the local Wrexham community. [ 2 ] [ 3 ] The style of the series is irreverent and from time to time it is openly critical of the two Co-Chairmen and their team, presenting them struggling with the Welsh language , and making mistakes. [ citation needed ] During and since the takeover, Wrexham rose in the rankings of the National League. In the 2019–20 National League (prior to any talk of a takeover), Wrexham A.F.C. were 20th, [ 4 ] and by the 2020–21 season , Wrexham rose to eighth place. [ 5 ] In the 2021–22 season , the first full season under the new ownership, and the focus of the first season of the TV show, Wrexham finished in 2nd . However, despite a successful season, they missed out on promotion to the fourth-tier EFL League Two after being knocked out in the semi-finals of the promotion play-off and remained in the fifth-tier National League for the 2022–23 season . [ 6 ] [ 7 ] In the second season of the series, the team successfully secures promotion to the EFL League Two during the 2022–23 season and in the third season of the show, filmed during the 2023–24 season , they win a back-to-back promotion to EFL League One . [ 8 ] In the fourth season, based on the 2024-25 season, the team wins promotion to the EFL Championship . In addition to following the highs and lows of the Wrexham men's team, the series follows fans of the club and characters from the City of Wrexham . It includes the people working behind the scenes for the club, and from time to time follows the personal lives of some of the players. Emotive issues such as autism , bereavement , divorce , mental health , football hooliganism , cancer , stillbirth , disability and injuries ending players' careers are featured through following the lives of different individuals involved with the club. The series explains basic football terms and rules for a US audience, along with occasional Welsh words and British phrases. From the second season, the women's team is also featured. [ 9 ] ^ .mw-parser-output cite.citation{font-style:inherit;word-wrap:break-word}.mw-parser-output .citation...","",""
"126997","All Elite Wrestling: Rampage","2021","AEW: Rampage, also known as Friday Night Rampage or simply Rampage, is a professional wrestling television program.  It is produced by the American promotion All Elite Wrestling (AEW) and airs every Friday at 10pm ET on TNT in the United States. It is AEW's second weekly television show, positioned behind their flagship show, Dynamite.","",""
"127235","Invasion","2021","Earth is visited by an alien species that threatens humanity's existence. Events unfold in real time through the eyes of five ordinary people across the globe as they struggle to make sense of the chaos unraveling around them.  [PLOT] Premise Earth is visited by an alien species that threatens humanity's existence. Events unfold in real time through the eyes of a handful of ordinary people across the globe as they struggle to make sense of the increasing chaos around them.","",""
"127380","Finding Dory","2016","Dory is reunited with her friends Nemo and Marlin in the search for answers about her past. What can she remember? Who are her parents? And where did she learn to speak Whale?  [PLOT] Plot Dory, a regal blue tang , gets separated from her parents, Jenny and Charlie, as a child. Growing up, Dory gradually forgets them due to her short-term memory loss. She eventually meets and joins the clownfish Marlin, looking for his son, Nemo, who was taken by divers to Sydney , Australia. [ a ] One year after meeting Marlin and Nemo, Dory lives with them in the Great Barrier Reef as their next-door neighbor. One day, she remembers her parents and that they lived at the ""Jewel of Morro Bay, California "". Dory embarks on a journey to find them again and Marlin and Nemo accompany her. With the help of Crush, their sea turtle friend, Dory, Marlin, and Nemo ride the California Current to California. While searching through the wreckage of a sunken container ship, in a container, Dory accidentally awakens a giant squid that almost devours Nemo. Worried, she leaves to look for help and is captured by staff members from the Marine Life Institute. Dory is placed in quarantine and tagged, marking her for transfer to an aquarium in Cleveland . She meets a brusque but well-meaning seven-limbed octopus named Hank, who fears being released back into the ocean, so he agrees to help her find her parents in exchange for her tag. In one exhibit, Dory encounters Bailey, a beluga whale , and her childhood friend Destiny, a nearsighted whale shark , who used to communicate with Dory through the pipes when they were children. Dory finally remembers how she was separated from her parents: Dory was accidentally pulled away by an undertow current into the pipes and out into the ocean. Meanwhile, Marlin and Nemo attempt to save Dory, and with the help of a pair of California sea lions and a common loon named Becky, they get into the institute and find her. Other blue tangs tell them that Dory's parents escaped years ago to search for her and never came back, leading Dory to believe that they are dead. Hank unintentionally drops Dory into the drain, flushing her out to the ocean. Dory comes across a trail of shells; remembering that her parents would set out similar shell trails to help her find her way back home, she follows it to a tire, where she reunites with her parents. They tell Dory that they stayed close to home and spent years laying down the shell trails for her in the hope that she would eventually find them again. Marlin, Nemo, and Hank end up in a truck taking various aquatic creatures to Cleveland. Destiny and Bailey escape from their exhibit to help Dory...","",""
"127635","Spidey and His Amazing Friends","2021","Follow Peter Parker, Gwen Stacy and Miles Morales and their adventures as the young heroes team up with Hulk, Ms. Marvel and Black Panther to defeat foes like Rhino, Doc Ock and Green Goblin and learn that teamwork is the best way to save the day.  [PLOT] Plot The series follows the adventures of grade school kid incarnations of Peter Parker / Spidey , Gwen Stacy / Ghost-Spider , and Miles Morales / Spin and as they fight villains across New York City such as Rhino , [ 1 ] Doc Ock , her Octobot partner CAL, her Octobots, Green Goblin , Electro , Black Cat , Sandman , Zola , his Hydrabots, Lizard , Trapster , Hydro-Man , Symbie , and two villains from Iron Man and His Awesome Friends: Ultron , and Swarm . Spidey, Spin, and Ghost-Spider would sometimes receive aid from other superheroes such as Black Panther , Ms. Marvel , her dog Lockjaw , Hulk , Iron Man , Ant-Man , Wasp , Reptil , Thing , his partners H.E.R.B.I.E. and Mr. Fantastic , Squirrel Girl , her sidekick Tippy-Toe , White Tiger , Captain America , Jeff the Land Shark , Rocket Raccoon , his partner Groot , and Silk . ^ Cite error: The named reference dcb0 was invoked but never defined (see the help page ).","",""
"128098","Interview with the Vampire","2022","A century-old vampire from New Orleans reunites with an ailing journalist to recount his life of bloodlust and his tumultuous relationship with the rakish Frenchman who turned him.","",""
"128272","Trails to Oishii Tokyo","2019","Delicious food from Tokyo's markets! Learn about the amazing ingredients which are sourced from across Japan and sold at Tokyo's fresh food markets.","",""
"128529","Piyaa Albela","2017","Naren, a spiritual loner spends most of his time doing social work, so his worried parents introduce him to Pooja, a college student, who changes his life in an unexpected way. They fall in love and get married, however on learning about some dosha in her horoscope that could kill Naren, she leaves him.  [PLOT] Plot Season 1 .mw-parser-output .ambox{border:1px solid #a2a9b1;border-left:10px solid #36c;background-color:#fbfbfb;box-sizing:border-box}.mw-parser-output .ambox+.mw-empty-elt+.ambox,.mw-parser-output .ambox+.mw-empty-elt+.mw-empty-elt+.ambox,.mw-parser-output .ambox+.mw-empty-elt+.mw-empty-elt+.mw-empty-elt+.ambox{margin-top:-1px}html body.mediawiki .mw-parser-output .ambox.mbox-small-left{margin:4px 1em 4px 0;overflow:hidden;width:238px;border-collapse:collapse;font-size:88%;line-height:1.25em}.mw-parser-output .ambox-speedy{border-left:10px solid #b32424;background-color:#fee7e6}.mw-parser-output .ambox-delete{border-left:10px solid #b32424}.mw-parser-output .ambox-content{border-left:10px solid #f28500}.mw-parser-output .ambox-style{border-left:10px solid #fc3}.mw-parser-output .ambox-move{border-left:10px solid #9932cc}.mw-parser-output .ambox-protection{border-left:10px solid #a2a9b1}.mw-parser-output .ambox .mbox-text{border:none;padding:0.25em 0.5em;width:100%}.mw-parser-output .ambox .mbox-image{border:none;padding:2px 0 2px 0.5em;text-align:center}.mw-parser-output .ambox .mbox-imageright{border:none;padding:2px 0.5em 2px 0;text-align:center}.mw-parser-output .ambox .mbox-empty-cell{border:none;padding:0;width:1px}.mw-parser-output .ambox .mbox-image-div{width:52px}@media(min-width:720px){.mw-parser-output .ambox{margin:0 10%}}@media print{body.ns-0 .mw-parser-output .ambox{display:none!important}} This section needs expansion . You can help by adding missing information . ( February 2022 ) Durga Devi (DD) Patel and her daughter have many misunderstandings, and differences between them. DD is a wealthy jewellery designer. Her daughter, Roshni Patel believes that her mother does not love her and does not give her time, and only loves money. Due to this reason; she hates DD and never behaves well with her. The show starts by showing Roshni getting her kids at the NGO she manages ready for school, and it is shown that it is her birthday. She goes to the airport with her Nani to pick up DD who is returning to India. Meanwhile, DD is shown to be arrogant. On her flight, she is seated next to Siddharth Khurrana; who seeing how arrogant DD is decides to mess with her and act like a middle-class person; who has no manners or etiquette. When DD meets Roshni, she hugs her and tells her that she should have dressed better. She gives Roshni a heap of birthday gifts but does not wish her a happy birthday as she did in the past. Roshni meets Siddharth and...","",""
"128904","Dark Winds","2022","This psychological thriller follows two Navajo police officers, Leaphorn and Chee, in the 1970s Southwest as their search for clues in a grisly double murder case forces them to challenge their own spiritual beliefs and come to terms with the trauma of their pasts.  [PLOT] Premise The series follows three Navajo Tribal Police officers, Joe Leaphorn , Jim Chee , and Bernadette Manuelito in the 1970s Four Corners area of the American Southwest . [ 1 ] [ 2 ] ^ .mw-parser-output cite.citation{font-style:inherit;word-wrap:break-word}.mw-parser-output .citation q{quotes:""\""""""\""""""'""""'""}.mw-parser-output .citation:target{background-color:rgba(0,127,255,0.133)}.mw-parser-output .id-lock-free.id-lock-free a{background:url(""//upload.wikimedia.org/wikipedia/commons/6/65/Lock-green.svg"")right 0.1em center/9px no-repeat}.mw-parser-output .id-lock-limited.id-lock-limited a,.mw-parser-output .id-lock-registration.id-lock-registration a{background:url(""//upload.wikimedia.org/wikipedia/commons/d/d6/Lock-gray-alt-2.svg"")right 0.1em center/9px no-repeat}.mw-parser-output .id-lock-subscription.id-lock-subscription a{background:url(""//upload.wikimedia.org/wikipedia/commons/a/aa/Lock-red-alt-2.svg"")right 0.1em center/9px no-repeat}.mw-parser-output .cs1-ws-icon a{background:url(""//upload.wikimedia.org/wikipedia/commons/4/4c/Wikisource-logo.svg"")right 0.1em center/12px no-repeat}body:not(.skin-timeless):not(.skin-minerva) .mw-parser-output .id-lock-free a,body:not(.skin-timeless):not(.skin-minerva) .mw-parser-output .id-lock-limited a,body:not(.skin-timeless):not(.skin-minerva) .mw-parser-output .id-lock-registration a,body:not(.skin-timeless):not(.skin-minerva) .mw-parser-output .id-lock-subscription a,body:not(.skin-timeless):not(.skin-minerva) .mw-parser-output .cs1-ws-icon a{background-size:contain;padding:0 1em 0 0}.mw-parser-output .cs1-code{color:inherit;background:inherit;border:none;padding:inherit}.mw-parser-output .cs1-hidden-error{display:none;color:var(--color-error,#bf3c2c)}.mw-parser-output .cs1-visible-error{color:var(--color-error,#bf3c2c)}.mw-parser-output .cs1-maint{display:none;color:#085;margin-left:0.3em}.mw-parser-output .cs1-kern-left{padding-left:0.2em}.mw-parser-output .cs1-kern-right{padding-right:0.2em}.mw-parser-output .citation .mw-selflink{font-weight:inherit}@media screen{.mw-parser-output .cs1-format{font-size:95%}html.skin-theme-clientpref-night .mw-parser-output .cs1-maint{color:#18911f}}@media screen and (prefers-color-scheme:dark){html.skin-theme-clientpref-os .mw-parser-output .cs1-maint{color:#18911f}} Hibberd, James (July 9, 2021). ""Graham Roland, Robert Redford, George R.R. Martin Making Dark Winds Series Starring Zahn McClarnon"" . The Hollywood Reporter . Archived from the original on July 9, 2021 ....","",""
"129412","Game Changer","2019","In this game show, the game changes every show! Players begin each round without knowing the rules -- and must figure them out while competing to win.  [PLOT] Premise The Boys is set in a universe where superpowered individuals (referred to as ""Supes"") are recognized as heroes by the general public and work for Vought International , a powerful corporation that markets and monetizes them. Outside their heroic personas, most Supes are corrupt, self-serving, and either recklessly cause collateral damage or actively commit various atrocities, unbeknownst to most of the general public. The series primarily focuses on two groups: The Boys , a group of initially CIA -sponsored and later independent black ops agents looking to bring down Vought and its corrupt superheroes; and The Seven , Vought's premier superhero team and the Boys' most powerful adversaries. In the first season , the girlfriend of Hughie Campbell ( Jack Quaid ) is accidentally killed by A-Train ( Jessie T. Usher ) of The Seven. Hughie meets Billy Butcher ( Karl Urban ), who despises all superpowered beings due to Homelander ( Antony Starr ) raping his wife Becca, and joins his vigilante team known as The Boys in the hope of avenging his loved one. As a conflict ensues between the two groups, Annie January / Starlight ( Erin Moriarty ), a young and hopeful heroine, is forced to face the truth about the heroes she admires after she joins The Seven. [ 1 ] In the second season , on the run from the law, hunted by the Supes, and desperately trying to regroup and fight back against Vought, The Boys try to adjust to a new normal in hiding, with Butcher nowhere to be found. Meanwhile, Annie, now aiding The Boys, must navigate her place in The Seven as Homelander sets his sights on taking complete control. His power is threatened with the addition of Stormfront ( Aya Cash ), a social media-savvy new Supe, who has an agenda and secret past of her own. [ 2 ] In the third season , one year after the Stormfront scandal, The Boys work for Victoria Neuman ( Claudia Doumit )'s Bureau of Superhero Affairs to apprehend problematic Supes, having been at peace with The Seven; Butcher and Homelander itch to turn this peace and quiet into ""blood and bone"". When The Boys learn of a mysterious anti-Supe weapon, it sends them crashing into The Seven, starting a war and chasing the legend of the premier superhero: Soldier Boy ( Jensen Ackles ). [ 3 ] In the fourth season , six months after Soldier Boy's defeat, The Boys work with the CIA to assassinate Neuman in an effort to stop her from taking over the government. Concurrently, Neuman is under the control of Homelander,...","",""
"129552","The Night Agent","2023","Brought together by a midnight phone call, an FBI agent and a cybersecurity expert must unravel an ever-growing web of political conspiracies.  [PLOT] Premise Judge Abby Stone ( Melissa Rauch ) comes to New York City to take a job as magistrate for Manhattan Criminal Court 's night shift – a position once held by her late father Harry Stone. Also part of the night shift are cheerful and eccentric bailiff Donna ""Gurgs"" Gurganous ( Lacretta ), and public defender Dan Fielding ( John Larroquette ) – who had served as a prosecutor in Harry's court, and was convinced by Abby to join her court when the assigned public defender quit on Abby's first day. Dan briefly left to become a judge in his home state of Louisiana , though he would later come back as public defender. Court prosecutors include ambitious Olivia Moore ( India de Beaufort ) and later vengeful ex-con Julianne Walters ( Wendie Malick ). Court clerks include shy Neil ( Kapil Talwalkar ), and later harried single father Wyatt ( Nyambi Nyambi ).","",""
"129959","Kung Fu Panda: The Dragon Knight","2022","Follow the adventures of Po, who partners up with a no-nonsense English knight named Wandering Blade to find a collection of four powerful weapons before a mysterious pair of weasels do, and save the world from destruction.  [PLOT] Premise The series picks up a few years after General Kai's defeat and Shi Long's defeat where the Dragon Warrior Po the giant panda must leave his home and embark on a far-reaching quest across China for redemption and justice that finds him partnered up with a no-nonsense English knight named Luthera (a brown bear ), also known as Wandering Blade, to find four elemental weapons that broke up the world a long time ago.","",""
"130239","Les Marmottes","2015","","",""
"130542","Bhagya Lakshmi","2021","Hailing from a middle-class family, Lakshmi’s life is upended when she realises that her marriage to Rishi Oberoi, an industrialist’s son, is a sham to keep his death at bay.  [PLOT] Plot The story begins with Lakshmi moving from Punjab to Mumbai after her parents' death. She is forced into an arranged marriage with the wealthy Rishi Oberoi. Unknown to her, the marriage is a sham orchestrated by Rishi’s mother, Neelam, because a priest predicted that Lakshmi’s horoscope is the only thing that can save Rishi from a death curse (Markesh Dosh). Abhay successfully deceives Virendra into signing property documents by catching him while he is distracted by a phone call. Malishka tampers with the brakes of Virendra's car. While Virendra is driving with Lakshmi, his car brakes fail, putting his life in grave danger. An accident occurs; Virendra's car falls into a deep ditch, Lakshmi manages to get out while Virendra falls into the ditch. Following the crash, a severely injured Virendra gets BBB hospitalized ٫ Malishka plans to kill and goes to his room to remove his oxygen mask and does it but before she succeeds Lakshmi comes to the room and Malishka puts it back and hides, Virendra then slips into coma, Malishka makes it appear Lakshmi causes the accident, Neelam and Rishi oust her from the Oberoi house and she gets into a train accident while on her way to the village and is presumed dead by the Oberois. After the 7 year leap, [ 1 ] Lakshmi lives and raises her and Rishi's daughter Paro in her village while Rishi is shown to be married to Malishka and adopts, Rohan who turns out to be Lakshmi and Rishi's son. Virendra is stated to be dead as Neelam hates Lakshmi for the responsible for Virendra's death. Rishi meets Paro and Lakshmi meets Rohan who both unaware of their truth. Early in the month, Lakshmi discovers that she is pregnant. She attempts to share the news with Rishi, but her announcement is overshadowed when Malishka also claims to be pregnant with Rishi's child to secure her position in the Oberoi house. Malishka’s pregnancy is actually a scheme. She secretly collaborates with Balwinder, who visits her and demands money or the baby. Rishi is initially skeptical and refuses to hold a baby shower, but Malishka manipulates the family into celebrating her ""good news"" anyway. Anushka is revealed to be stealing money from Rishi's wardrobe to pay off her own secret debts. When Shalu finds evidence of Anushka's misdeeds, Anushka destroys Shalu’s phone and eventually plots with a man named Neel to kidnap Shalu. On December 4, the police find an unidentifiable corpse. Malishka tries to convince everyone it is Lakshmi's body to permanently...","",""
"131033","Krapopolis","2023","In mythical ancient Greece, a flawed family of humans, gods and monsters tries to run one of the world’s first cities without killing each other.  [PLOT] Premise Set in a parodic version of mythical Ancient Greece , the series centers on a dysfunctional family of humans, gods, and monsters that tries to run one of the world's first cities without killing each other. [ 1 ] ^ .mw-parser-output cite.citation{font-style:inherit;word-wrap:break-word}.mw-parser-output .citation q{quotes:""\""""""\""""""'""""'""}.mw-parser-output .citation:target{background-color:rgba(0,127,255,0.133)}.mw-parser-output .id-lock-free.id-lock-free a{background:url(""//upload.wikimedia.org/wikipedia/commons/6/65/Lock-green.svg"")right 0.1em center/9px no-repeat}.mw-parser-output .id-lock-limited.id-lock-limited a,.mw-parser-output .id-lock-registration.id-lock-registration a{background:url(""//upload.wikimedia.org/wikipedia/commons/d/d6/Lock-gray-alt-2.svg"")right 0.1em center/9px no-repeat}.mw-parser-output .id-lock-subscription.id-lock-subscription a{background:url(""//upload.wikimedia.org/wikipedia/commons/a/aa/Lock-red-alt-2.svg"")right 0.1em center/9px no-repeat}.mw-parser-output .cs1-ws-icon a{background:url(""//upload.wikimedia.org/wikipedia/commons/4/4c/Wikisource-logo.svg"")right 0.1em center/12px no-repeat}body:not(.skin-timeless):not(.skin-minerva) .mw-parser-output .id-lock-free a,body:not(.skin-timeless):not(.skin-minerva) .mw-parser-output .id-lock-limited a,body:not(.skin-timeless):not(.skin-minerva) .mw-parser-output .id-lock-registration a,body:not(.skin-timeless):not(.skin-minerva) .mw-parser-output .id-lock-subscription a,body:not(.skin-timeless):not(.skin-minerva) .mw-parser-output .cs1-ws-icon a{background-size:contain;padding:0 1em 0 0}.mw-parser-output .cs1-code{color:inherit;background:inherit;border:none;padding:inherit}.mw-parser-output .cs1-hidden-error{display:none;color:var(--color-error,#bf3c2c)}.mw-parser-output .cs1-visible-error{color:var(--color-error,#bf3c2c)}.mw-parser-output .cs1-maint{display:none;color:#085;margin-left:0.3em}.mw-parser-output .cs1-kern-left{padding-left:0.2em}.mw-parser-output .cs1-kern-right{padding-right:0.2em}.mw-parser-output .citation .mw-selflink{font-weight:inherit}@media screen{.mw-parser-output .cs1-format{font-size:95%}html.skin-theme-clientpref-night .mw-parser-output .cs1-maint{color:#18911f}}@media screen and (prefers-color-scheme:dark){html.skin-theme-clientpref-os .mw-parser-output .cs1-maint{color:#18911f}} ""Krapopolis | Watch Full Episodes Online on FOX"" . Archived from the original on August 18, 2022 . Retrieved August 15, 2022 .","",""
"131143","Der Blaulichtreport","2015","","",""
"131378","Adventure Time: Fionna and Cake","2023","Fionna and Cake – with the help of the former Ice King, Simon Petrikov - embark on a multiverse-hopping adventure and journey of self-discovery. All the while a powerful new antagonist determined to track them down and erase them from existence, lurks in the shadows.  [PLOT] Synopsis Where Adventure Time follows the adventures of Finn the Human and Jake the Dog, Fionna and Cake follows Finn and Jake's gender-swapped counterparts, Fionna the Human and Cake the Cat. [ 1 ] The spin-off centers around Fionna Campbell, a young woman in a universe without magic who lives with her cat, Cake. In the first season, they have multiversal adventures with Simon Petrikov—better known throughout much of Adventure Time as the Ice King —while the second season expands their journey through the involvement of Huntress Wizard. [ 2 ] [ 3 ] ^ .mw-parser-output cite.citation{font-style:inherit;word-wrap:break-word}.mw-parser-output .citation q{quotes:""\""""""\""""""'""""'""}.mw-parser-output .citation:target{background-color:rgba(0,127,255,0.133)}.mw-parser-output .id-lock-free.id-lock-free a{background:url(""//upload.wikimedia.org/wikipedia/commons/6/65/Lock-green.svg"")right 0.1em center/9px no-repeat}.mw-parser-output .id-lock-limited.id-lock-limited a,.mw-parser-output .id-lock-registration.id-lock-registration a{background:url(""//upload.wikimedia.org/wikipedia/commons/d/d6/Lock-gray-alt-2.svg"")right 0.1em center/9px no-repeat}.mw-parser-output .id-lock-subscription.id-lock-subscription a{background:url(""//upload.wikimedia.org/wikipedia/commons/a/aa/Lock-red-alt-2.svg"")right 0.1em center/9px no-repeat}.mw-parser-output .cs1-ws-icon a{background:url(""//upload.wikimedia.org/wikipedia/commons/4/4c/Wikisource-logo.svg"")right 0.1em center/12px no-repeat}body:not(.skin-timeless):not(.skin-minerva) .mw-parser-output .id-lock-free a,body:not(.skin-timeless):not(.skin-minerva) .mw-parser-output .id-lock-limited a,body:not(.skin-timeless):not(.skin-minerva) .mw-parser-output .id-lock-registration a,body:not(.skin-timeless):not(.skin-minerva) .mw-parser-output .id-lock-subscription a,body:not(.skin-timeless):not(.skin-minerva) .mw-parser-output .cs1-ws-icon a{background-size:contain;padding:0 1em 0 0}.mw-parser-output .cs1-code{color:inherit;background:inherit;border:none;padding:inherit}.mw-parser-output .cs1-hidden-error{display:none;color:var(--color-error,#bf3c2c)}.mw-parser-output .cs1-visible-error{color:var(--color-error,#bf3c2c)}.mw-parser-output .cs1-maint{display:none;color:#085;margin-left:0.3em}.mw-parser-output .cs1-kern-left{padding-left:0.2em}.mw-parser-output .cs1-kern-right{padding-right:0.2em}.mw-parser-output .citation .mw-selflink{font-weight:inherit}@media screen{.mw-parser-output .cs1-format{font-size:95%}html.skin-theme-clientpref-night...","",""
"131634","The Hunger Games: Mockingjay - Part 2","2015","As the war between the Capitol and the districts reaches its peak, Katniss Everdeen embarks on a perilous mission to liberate Panem and confront President Snow. Joined by a team of trusted allies, she navigates deadly traps, shifting loyalties, and the heavy cost of rebellion, determined to bring freedom to her people and end the Hunger Games once and for all.","",""
"131663","History of the World","2020","It's about human history, how humans shaped the world we live in. A history through cultures and civilizations - from early Mesopotamia to the industrial revolution.  Documentary series from various european production company’s like BBC, SVT, NRK, DR, ARTE, Covering serveral topics of war, Persons Like Cleopatra, Hitler, George Washington, etc  [PLOT] Premise It follows a diverse band of Nazi hunters living in 1977 New York City who discover that numerous escaped Nazi officers are conspiring to create a Fourth Reich in the United States. [ 1 ] A parallel plot element involves the discovery of Operation Paperclip , the U.S. government operation relocating German scientists (many of them Nazis) to the U.S. The series's characters draw from a number of real Nazi hunters through the decades, but are not meant to be a specific representation of any of them. [ 2 ] ^ .mw-parser-output cite.citation{font-style:inherit;word-wrap:break-word}.mw-parser-output .citation q{quotes:""\""""""\""""""'""""'""}.mw-parser-output .citation:target{background-color:rgba(0,127,255,0.133)}.mw-parser-output .id-lock-free.id-lock-free a{background:url(""//upload.wikimedia.org/wikipedia/commons/6/65/Lock-green.svg"")right 0.1em center/9px no-repeat}.mw-parser-output .id-lock-limited.id-lock-limited a,.mw-parser-output .id-lock-registration.id-lock-registration a{background:url(""//upload.wikimedia.org/wikipedia/commons/d/d6/Lock-gray-alt-2.svg"")right 0.1em center/9px no-repeat}.mw-parser-output .id-lock-subscription.id-lock-subscription a{background:url(""//upload.wikimedia.org/wikipedia/commons/a/aa/Lock-red-alt-2.svg"")right 0.1em center/9px no-repeat}.mw-parser-output .cs1-ws-icon a{background:url(""//upload.wikimedia.org/wikipedia/commons/4/4c/Wikisource-logo.svg"")right 0.1em center/12px no-repeat}body:not(.skin-timeless):not(.skin-minerva) .mw-parser-output .id-lock-free a,body:not(.skin-timeless):not(.skin-minerva) .mw-parser-output .id-lock-limited a,body:not(.skin-timeless):not(.skin-minerva) .mw-parser-output .id-lock-registration a,body:not(.skin-timeless):not(.skin-minerva) .mw-parser-output .id-lock-subscription a,body:not(.skin-timeless):not(.skin-minerva) .mw-parser-output .cs1-ws-icon a{background-size:contain;padding:0 1em 0 0}.mw-parser-output .cs1-code{color:inherit;background:inherit;border:none;padding:inherit}.mw-parser-output .cs1-hidden-error{display:none;color:var(--color-error,#bf3c2c)}.mw-parser-output .cs1-visible-error{color:var(--color-error,#bf3c2c)}.mw-parser-output .cs1-maint{display:none;color:#085;margin-left:0.3em}.mw-parser-output .cs1-kern-left{padding-left:0.2em}.mw-parser-output .cs1-kern-right{padding-right:0.2em}.mw-parser-output .citation .mw-selflink{font-weight:inherit}@media screen{.mw-parser-output .cs1-format{font-size:95%}html.skin-theme-clientpref-night .mw-parser-output...","",""
"131721","Oggy Oggy","2021","Join adorable kitten Oggy and his cast of cat pals in a bright and colorful kitty world. They're always on the go for fun times and fantastic adventures!  [PLOT] Plot The series follows the wild childhood of Oggy Oggy, who is Oggy when he was a kitten, freed from the mayhem of the cockroaches (because in this series, Joey, Dee Dee, and Marky don’t actually appear), who goes on heartfelt adventures with his friends (Mallow and Sporty) in a world where everything's made out of kids' toys.","",""
"132057","Kings and Generals","2017","Animated YouTube series which explores major historical events and figures. Each episodes focuses on a different topic, although Kings and Generals has made several mini-series based on complex historical events like wars. The series often focuses on warfare and battles, in addition to topic like economic and social history. Different animators have worked on the show throughout its history.  [PLOT] Premise In the rural town of Wausau, Wisconsin , the sudden resurrection of the recently deceased becomes known as Revival Day. Labelled ""Revivers"", the newly resurrected maintain their appearance, memories, and personalities from their previous lives but have gained regenerative healing abilities. While the town's residents grapple with the miraculous event, police officer Dana Cypress investigates a murder mystery in which everyone, including both the living and the newly revived, is a suspect. Meanwhile, Dana's sister Martha ""Em"" Cypress adjusts to her new life as a Reviver and seeks to learn the truth of Revival Day's origins. [ 1 ] ^ Cite error: The named reference MainCast was invoked but never defined (see the help page ).","",""
"133532","The Herd With Colin Cowherd","2015","The Herd with Colin Cowherd (or simply The Herd) is an American sports talk show hosted by Colin Cowherd. A simulcast, it airs as both a sports talk radio show and television broadcast on Fox Sports Radio and Fox Sports 1, respectively. The show features commentary on the day's sports news, perspective on other news stories, and interviews with celebrities, sports analysts and sports figures.","",""
"133849","SKZ-TALKER","2018","","",""
"134373","The Sex Lives of College Girls","2021","Follow four college roommates as they arrive at New England's prestigious Essex College. A bundle of contradictions and hormones, these girls are equal parts lovable and infuriating as they live out their new, free lives on campus.  [PLOT] Premise The series follows the lives of four 18-year-old freshmen roommates at the fictional Essex College in Vermont , covering their sexually-active lifestyle as they deal with the struggles and hardships of college and adulthood.","",""
"135397","Jurassic World","2015","Twenty-two years after the events of Jurassic Park, Isla Nublar now features a fully functioning dinosaur theme park, Jurassic World, as originally envisioned by John Hammond.  [PLOT] Plot In 2010, InGen operates a dinosaur genetics laboratory on Île Saint-Hubert, located in the Atlantic Ocean . It houses transgenic and mutated dinosaurs that the company head deemed disturbing. [ a ] When a six-limbed Tyrannosaurus called Distortus rex escapes containment, all personnel abandon the island. During 2027, most of Earth's climate is unsuitable for the de-extinct animals [ b ] that InGen and other companies created. The remaining animals survive in equatorial regions with climates similar to the Mesozoic era, where exclusion zones have been established for them. Martin Krebs, an executive at pharmaceutical company ParkerGenix, enlists Zora Bennett, a former covert operative , to work with paleontologist Dr. Henry Loomis on a classified mission to collect DNA-containing biomaterial samples from three large prehistoric specimens, which are crucial for a new cardiovascular disease treatment. In Suriname , Zora recruits longtime associate Duncan Kincaid to lead the expedition, along with maritime pilot LeClerc, mercenary Nina, and security expert Bobby Atwater. The team illegally travels to Île Saint-Hubert to gather bio-samples from the aquatic Mosasaurus , terrestrial Titanosaurus , and avian Quetzalcoatlus . Meanwhile, Reuben Delgado is sailing near the island with his daughters Teresa and Isabella, and Teresa's boyfriend, Xavier Dobbs. When a Mosasaurus attacks and overturns their sailboat, Reuben sends a distress call . Despite Martin insisting the group stay on mission, the expedition team rescues the family. The Mosasaurus resurfaces, and the team successfully collects a blood sample using a modified dart gun. A pack of Spinosaurus joins the Mosasaurus in attacking the ship, killing Bobby. To maintain the mission's secrecy, Martin prevents Teresa radioing for help and does nothing to prevent her from falling overboard. Xavier jumps in to rescue her, followed by Reuben and Isabella, separating them from the team. The ship runs aground on the island, where a Spinosaurus kills Nina. Zora reveals that a rescue helicopter will circle the island in 24 hours if there is radio silence. The team locate a herd of Titanosaurus and obtain a sample. It is decided it is safer to retrieve the Quetzalcoatlus specimen – the amniotic liquid – from an egg. Zora, Henry, and LeClerc rappel down a cliff to a nest inside an ancient cave temple. A Quetzalcoatlus returns and devours LeClerc, but Zora and Henry secure the last sample. Meanwhile, the Delgados make...","",""
"135934","The Legend of Vox Machina","2022","They're rowdy, they're ragtag, they're misfits turned mercenaries for hire. Vox Machina is more interested in easy money and cheap ale than actually protecting the realm. But when the kingdom is threatened by evil, this boisterous crew realizes that they are the only ones capable of restoring justice.  [PLOT] Synopsis The first two episodes of the series [ 1 ] depict ""an all-new story about the seven-member Vox Machina team at D&D Level 7 on their first 'grown-up' mission, which occurs prior to Critical Role's first RPG show"". [ 2 ] The series then adapts the Briarwood arc from the original web series , [ 3 ] ""in which the Vox Machina crew avenge the murder of the rulers of the town of Whitestone and most of their offspring by the evil Lord and Lady Briarwood"". [ 2 ] In the second and third season the series also adapts ""other classic Vox Machina story arcs"", [ 4 ] such as the Chroma Conclave arc. [ 5 ] Season four picks up a year after the events of season three. [ 6 ] During that time the members of Vox Machina have parted ways to focus on themselves. [ 6 ] ^ .mw-parser-output cite.citation{font-style:inherit;word-wrap:break-word}.mw-parser-output .citation q{quotes:""\""""""\""""""'""""'""}.mw-parser-output .citation:target{background-color:rgba(0,127,255,0.133)}.mw-parser-output .id-lock-free.id-lock-free a{background:url(""//upload.wikimedia.org/wikipedia/commons/6/65/Lock-green.svg"")right 0.1em center/9px no-repeat}.mw-parser-output .id-lock-limited.id-lock-limited a,.mw-parser-output .id-lock-registration.id-lock-registration a{background:url(""//upload.wikimedia.org/wikipedia/commons/d/d6/Lock-gray-alt-2.svg"")right 0.1em center/9px no-repeat}.mw-parser-output .id-lock-subscription.id-lock-subscription a{background:url(""//upload.wikimedia.org/wikipedia/commons/a/aa/Lock-red-alt-2.svg"")right 0.1em center/9px no-repeat}.mw-parser-output .cs1-ws-icon a{background:url(""//upload.wikimedia.org/wikipedia/commons/4/4c/Wikisource-logo.svg"")right 0.1em center/12px no-repeat}body:not(.skin-timeless):not(.skin-minerva) .mw-parser-output .id-lock-free a,body:not(.skin-timeless):not(.skin-minerva) .mw-parser-output .id-lock-limited a,body:not(.skin-timeless):not(.skin-minerva) .mw-parser-output .id-lock-registration a,body:not(.skin-timeless):not(.skin-minerva) .mw-parser-output .id-lock-subscription a,body:not(.skin-timeless):not(.skin-minerva) .mw-parser-output .cs1-ws-icon a{background-size:contain;padding:0 1em 0 0}.mw-parser-output .cs1-code{color:inherit;background:inherit;border:none;padding:inherit}.mw-parser-output .cs1-hidden-error{display:none;color:var(--color-error,#bf3c2c)}.mw-parser-output .cs1-visible-error{color:var(--color-error,#bf3c2c)}.mw-parser-output .cs1-maint{display:none;color:#085;margin-left:0.3em}.mw-parser-output...","",""
"136311","Shrinking","2023","Jimmy is struggling to grieve the loss of his wife while being a dad, friend, and therapist. He decides to try a new approach with everyone in his path: unfiltered, brutal honesty. Will it make things better—or unleash uproarious chaos?  [PLOT] Premise A therapist, Jimmy Laird, dealing with severe grief after his wife's death, begins to breach ethical barriers by telling his patients what he really thinks, resulting in massive changes to his and their lives.","",""
"136315","The Bear","2022","Carmy, a young fine-dining chef, comes home to Chicago to run his family sandwich shop. As he fights to transform the shop and himself, he works alongside a rough-around-the-edges crew that ultimately reveal themselves as his chosen family.  [PLOT] Premise Talented haute cuisine chef Carmy Berzatto inherits his family 's Italian beef sandwich shop after his older brother Michael 's suicide. He returns home to Chicago to run it, leaving behind his world of working in Michelin-starred restaurants. He is left to deal with his brother's unresolved debts, a rundown kitchen, and an unruly staff, while dealing with his own pain and family trauma.","",""
"136600","Pardes Mein Hai Mera Dil","2016","Raghav and Naina, two individuals with a golden heart, who are fated to meet and fall in love in a foreign land, but destined to face challenges before their union.  [PLOT] Plot Set in Austria , Raghav Mehra works in his rich Indian family. He was adopted by Mehra family but only Indumati (dadi) loves him. He loves the spoilt Sanjana who ignores him. Sanjana is his Aunt Parmeshwari's niece. Parmeshwari wants to marry Sanjana to Veer to get hold of business. Naina Batra, a woman close to her family breaks up with her fiancé Amit due to her heart patient mother Asha's illness and leaves to Austria for the operation. Naina and Raghav become friends. Raghav's grandmother Indumati fixes Naina's marriage with his cousin Veer. On the wedding day, Veer leaves, after which Raghav sacrifices his love and marries Naina who feels betrayed but soon trusts him. Sanjana is pregnant with Veer's child. Indumati allows Veer back in the family and announces his marriage with Sanjana. Veer feels jealous of Naina and Raghav. Indumati goes into a coma. Raghav starts a new business but he needs money for that. A buyer Rehaan Khanna enters. Naina meets his wife Ahana and agrees to become a surrogate mother. Naina gives that money to Raghav to start his business. Due to a misunderstanding, Raghav thinks that Naina has an affair and carries someone else's baby. Without justification, Raghav divorces Naina. Ahana meets with a car accident planned by Rehaan's stepmother Harjeet, and dies after telling Naina that the baby is in danger. 6 months later Raghav has now become a rich but arrogant businessman and buys Mehra mansion. Naina now lives in India . She works in Raghav's company. Indumati wakes up from coma and mistakes Ahana's baby to be of Raghav and Naina. Indumati tells Raghav the reason for her coma. Raghav is infuriated and rushes to Veer and beats him and gets him arrested. Rehaan learns that Ahana hired a surrogate so he began searching her and also told about this to Harjeet who now wants to kill Ahana's baby. Naina gives premature birth to a baby boy Ahaan. Naina and Raghav grow closer and confesses their love. Rehaan attacks Raghav thinking he had kidnapped the baby. Raghav presumably dies thinking Naina cheated on him and Rehaan is Ahaan's father. Naina marries Rehaan to look after Ahaan, and acts to be possessed by Ahana's ghost. Naina reveals Harjeet's true intentions. She tells Indumati that her marriage with Rehaan is real. Harjeet is arrested and tries to shoot Naina but Rehaan sacrifices himself, 7 years later Naina, Ahaan and Indumati live happily. Naina works as a tuition teacher and points towards Raghav's photo when her...","",""
"136799","Trolls","2016","After the monstrous Bergens invade Troll Village, Princess Poppy, the happiest Troll ever born, and overly-cautious, curmudgeonly outcast Branch set off on a journey to rescue her friends. Their mission is full of adventure and mishaps, as this mismatched duo try to tolerate each other long enough to get the job done.  [PLOT] Plot Trolls are small, colorful, perpetually happy creatures who like to sing, dance and hug all day. They are discovered by the large, hideous and miserable Bergens, who believe they can only feel happy by consuming a Troll. The Bergens imprison the Trolls in a caged tree, and eat them once a year on a special occasion called ""Trollstice"". On the year that Bergen Prince Gristle Jr., son of King Gristle Sr., is due to eat his first Troll, the chef in charge of the ceremony discovers that the Trolls, under the leadership of King Peppy, have managed to escape. The King banishes Chef from Bergen Town, and she vows to find the Trolls, secretly plotting to overthrow the monarchy as revenge. Twenty years later, Peppy's daughter Princess Poppy organizes a gigantic party to celebrate the anniversary of their escape. A serious, gray Troll named Branch warns that this could expose their home, but everyone ignores him. However, his forebodings are justified when Chef, who as only Bergen, has spent the last twenty years searching for the Trolls, notices the party fireworks from her hideout, follows them to Troll Village and kidnaps Poppy's friends, including her crush, a "" zen "" Troll named Creek. While the rest of the Trolls take refuge in Branch's survival bunker uninvited, Poppy sets off alone to rescue her friends. She gets herself into several potentially deadly situations, and is finally rescued by Branch, who thinks her quest is hopeless and only followed her to escape his crowded bunker. After encountering further challenges, Poppy and Branch meet a mischievous Cloud Guy, who leads them into Bergen Town. The pair sneak into the castle of Gristle Jr, who is now the King. They witness Chef apparently feeding Creek to Gristle, but Poppy still holds out hope that Creek survived. They find the other captives being guarded by a young scullery maid named Bridget, who is secretly in love with Gristle. Upon learning this, the Trolls agree to help her get a date in exchange for her help in ascertaining whether or not Creek is still alive. However, Branch refuses to sing along with the others in the ensuing musical number, revealing that when he was a child, his loud singing inadvertently led Chef to his home, and his grandmother Rosiepuff was captured. Branch's guilt caused his colors to fade into gray, and he swore never to sing again. The Trolls use their powers to disguise Bridget as ""Lady Glittersparkles"", and she and Gristle go on a date at a roller rink / arcade...","",""
"137116","Smurfs: The Lost Village","2017","In this fully animated, all-new take on the Smurfs, a mysterious map sets Smurfette and her friends Brainy, Clumsy and Hefty on an exciting race through the Forbidden Forest leading to the discovery of the biggest secret in Smurf history.  [PLOT] Plot The Smurfs are small blue people who reside peacefully in Smurf Village. Their only female, Smurfette, was created by their archenemy Gargamel to destroy them, but was redeemed by Papa Smurf and became part of the village. She feels that she does not fit in as she tries to find her purpose in life, which the other Smurfs have. While smurfboarding , Smurfette encounters a mysterious masked creature until she is captured and taken to Gargamel's lair. There, she accidentally reveals a hat the creature dropped before going into the Forbidden Forest, enabling Gargamel to create a brew that causes him to locate a village of Smurfs. Hefty, Brainy, and Clumsy help Smurfette escape, and they return to Smurf Village, where Papa confines them to their houses as punishment for almost disobeying his orders. That night, Smurfette sneaks out to go look for the lost village in the Forbidden Forest to warn its inhabitants of Gargamel's arrival, with Hefty, Brainy, and Clumsy volunteering to join her. Gargamel discovers them trying to find the village, and heads out with his pet cat Azrael and vulture Monty to stop them. Meanwhile, Papa discovers they are gone and angrily sets off to find them. The next morning, the Smurfs sail across a river using a handmade raft. Following a brief chase, they rescue a drowning Gargamel. However, Gargamel betrays them by pushing them off the raft, as they plunge down a waterfall. They are soon attacked and captured by a group of female Smurfs who reveal themselves to be inhabitants of the lost village. They are taken to Smurfy Grove, and meet Smurfblossom, Smurfstorm, Smurflily, and their leader, Smurfwillow, who all welcome the Smurfs to their home. Storm and Clumsy head to locate Gargamel and alert the others. During the trip, Clumsy accidentally reveals that Smurfette was created by Gargamel, which causes Storm to distrust Smurfette. Meanwhile, Gargamel, Azrael, and Monty are led to the Swamp of No Return, a piranha-infested lake. They spot Clumsy and Storm in the sky with Storm's dragonfly , Spitfire. Monty attacks them in a dogfight , but is defeated before the Smurfs fly back to the village. Smurfette grows accustomed to life in Smurfy Grove, to the dismay of Hefty and Brainy. Storm and Clumsy return with Spitfire, revealing that Smurfette was created by Gargamel, and the female Smurfs prepare for an impending attack that night. Gargamel suddenly invades and destroys Smurfy Grove, capturing every Smurf. Smurfette is spared...","",""
"138502","X-Men '97","2024","The X-Men, a band of mutants who use their uncanny gifts to protect a world that hates and fears them, are challenged like never before, forced to face a dangerous and unexpected new future.  [PLOT] Premise .mw-parser-output .hatnote{font-style:italic}.mw-parser-output div.hatnote{padding-left:1.6em;margin-bottom:0.5em}.mw-parser-output .hatnote i{font-style:normal}.mw-parser-output .hatnote+.mw-empty-elt+.hatnote{margin-top:-0.5em}@media print{body.ns-0 .mw-parser-output .hatnote{display:none!important}} See also: List of X-Men: The Animated Series and X-Men '97 adaptations X-Men '97 continues the story of X-Men: The Animated Series (1992–1997). In both series, mutants are people born with superhuman abilities that generally manifest during puberty. The X-Men are a team of mutant superheroes founded by Professor Charles Xavier to protect mutants and humans alike. At the end of The Animated Series , Xavier nearly dies in an assassination attempt and is taken to space to be healed by the alien Shi'ar Empire. X-Men '97 begins a year later and sees the X-Men facing new challenges without Xavier, under the leadership of their former adversary Magneto . As with the original series, X-Men '97 combines action, soap opera -style drama, and exploration of serious topics. [ 1 ] [ 2 ] In the first season , the X-Men face Bastion and his new Sentinel program which targets mutants, with Xavier eventually returning to help the team. [ 3 ] This conflict ends with the X-Men being scattered throughout time, from Ancient Egypt to the far future, and in the second season they must find their way back to the 1990s to stop Apocalypse . [ 4 ] ^ Cite error: The named reference Synopsis was invoked but never defined (see the help page ). ^ Cite error: The named reference CNETSeriesExplained was invoked but never defined (see the help page ). ^ Cite error: The named reference NYCC2025Variety was invoked but never defined (see the help page ). ^ Cite error: The named reference May2026EW was invoked but never defined (see the help page ).","",""
"138787","Running Man","2017","Wanting to bring home the ultimate prize, a group of competitors gather for a championship — and discover both friends and enemies as they play!","",""
"138863","Sirf Tum","2021","A kind-hearted girl, Suhani dreams to be a doctor, Ranveer a strong-minded man, just has one obsession, Suhani. Destiny brings them together, but a dark secret looms over them. Will it keep them united or will it break their bond forever?  [PLOT] Plot Vikrant Oberoi is a wealthy and arrogant businessman. He marries Mamta after disowning his first wife Asha, and their new-born son Ansh. Asha moves on with Ansh, and swears to destroy the Oberoi family by raising Ansh to take revenge on the Oberois, especially Mamta and Vikrant's son, Ranveer, who got everything that Ansh lost. 25 years later Angry and strong-minded, Ranveer has grown up to hate his father, after he discovered in his childhood that Vikrant cheated on Mamta with another woman. Suhaani Sharma is an aspiring doctor, whose father is Vikrant's manager Rakesh Sharma. Ranveer and Ansh study in the same college. Ranveer has always been unaware that Ansh is his half-brother, whereas Ansh knows the truth and detests him. Suhaani signs up for the same college. Rakesh asks Ranveer to look after her, to which he agrees. They become friends, but Ranveer falls in love with Suhaani. Ansh intends to separate them but his plans go in vain. Ranveer and Suhaani confess their love. Rakesh is hesitant to give a nod to their relationship, when Vikrant secretly insults him due to differences in their family status, but later agrees seeing their love. Suhaani and Ranveer get engaged. A furious Ansh reveals to Ranveer that he is his half-brother, and attacks him, leaving him unconscious. Ansh photographs him, and shows the photos to Rakesh, saying that Ranveer is drunk and will not come to the wedding. Out of embarrassment, Rakesh is forced to marry Suhaani to Ansh, as Ranveer arrives too late to stop the ceremony. Upon his arrival, Ranveer thrashes Ansh and sets fire to the venue. Later, Ansh reveals to Suhaani that he married her just to hurt Ranveer, leading the two to separate. Ranveer and Suhaani finally get married. Vikrant divorces Mamta and reconciles with Asha, accepting Ansh as his heir. Ansh also marries a girl Honey, who has returned from a mental asylum. During a fight, Honey tries to kill Ranveer, but Ansh is shot and dies. Asha apologizes to Mamta, realizes her mistakes, and leaves Vikrant's house. Ranveer insults Suhaani, who leaves him and moves to another city with her family members. After manipulating Ranveer against Suhaani, Honey abducts and tries to kill her, lying of doing so on Ranveer's orders, which causes Suhaani to hate Ranveer. Ultimately, Aditya (a college student) saves Suhaani from Honey, and offers her and the Sharmas a place to stay. Vikrant realizes his misdeeds and seeks forgiveness from Mamta. 1 year later Suhaani and her...","",""
"138971","Billy the Kid","2022","An epic romantic adventure series based on the life of famous American outlaw Billy the Kid — from his humble Irish roots, to his early days as a cowboy and gunslinger in the American frontier, to his pivotal role in the Lincoln County War and beyond.","",""
"139710","Jaana Na Dil Se Door","2016","[PLOT] Plot Vividha lives a contented life in Ajmer, where her father, Kailash Kashyap, is her role model. Atharv is a disciplined, lower middle-class man who is a feminist and loves his mother dearly, which is completely the opposite for his family. Atharv plans to open a dairy business and often clashes with Kailash. He also saves Guddi in a scuffle, and the same for Vividha, so she realizes he's a good person. Atharv's calf gets stolen, and he and Vividha go to the Pushkar Mela to save the calf, where they bond in a fight from saving the cow. Over time, Atharv falls in love with her and declares that he will marry her once he establishes his business. Kailash, however, disapproves, as he believes that relationships are possible only between individuals of equal social status. Since Atharv lacks social standing and a paternal surname, Kailash considers him unsuitable for Vividha. On the other hand, Vividha’s family finds him dashing and awesome. He frames Atharv for a crime and has him arrested. To secure his release, Atharv's mother Sujata is compelled to give up her house and leave the city with her son. Kailash arranges Vividha's marriage into a wealthy family, but she prevents Sujata and Atharv from leaving. Atharv and Sujata still have a tabeli in the property and a piece of a small store-room land in front of the house, and Vividha slowly realises her love for Atharv. Soon after, Atharv's father, Colonel Ramakant Vashisht, returns home gravely ill. He promises to unite Atharv and Vividha, but dies before his wish can be fulfilled. Kailash manipulates the situation by convincing Ramakant's second family that his last wish was for Vividha to marry their son Ravish, and the alliance is fixed. Although Kailash pretends to support Atharv and Vividha's marriage, on the wedding day, he deceives them and arranges Vividha's marriage with Ravish in Delhi. Vividha and Atharv find out about his truth, but Kailash attacks Atharv. Atharv gets the upper-first by managing to defeat them, but at the end Kailash's men attack Atharv with rods and sticks, leaving him critically injured. Ankit also smashes a hammer on his head. Believing Atharv to be killed if she doesn't agree, Vividha agrees to marry Ravish out of compulsion. He goes on a mission, and Vividha hopes he doesn't come out safely. After marriage, Vividha remains hostile towards Ravish, who struggles to understand her behaviour. Ravish and his family treat her with kindness, and eventually, she learns that...","",""
"140300","Kung Fu Panda 3","2016","While Po and his father are visiting a secret panda village, an evil spirit threatens all of China, forcing Po to form a ragtag army to fight back.  [PLOT] Plot In the Valley of Peace province of Ancient China , the red panda Master Shifu learns from his mentor, the tortoise Master Oogway, that the snow leopard Tai Lung will escape from imprisonment and attempt to acquire the Dragon Scroll, an artifact said to grant limitless power. In response, Shifu sends warning to the guards at Tai Lung's prison to strengthen security and announces a tournament to dub one of his five students, collectively known as the ""Furious Five"", Tigress, Monkey, Crane, Viper, and Mantis, as the ""Dragon Warrior"", the prophesied hero worthy of reading the scroll. The announcement reaches Po, a giant panda and kung fu enthusiast who dreams of becoming a kung fu master himself, despite wishes from his goose father Mr. Ping for him to run their noodle restaurant and learn the secret ingredient of his ""secret ingredient soup"". Eager to see the Five, Po attempts to enter the tournament arena after arriving late and is eventually successful, but unintentionally lands in front of them during the awarding ceremony, causing Oogway to unexpectedly declare him as the Dragon Warrior. Shifu believes Oogway's choice to be an accident, leading him and the Five to dismiss and deride Po after a rough first day of training, leaving Po dejected and considering quitting. However, Oogway encourages him to persevere, and Po gradually befriends the Five with his resilience and humor. Tigress reveals to Po that Tai Lung was once Shifu's student and adopted son, having raised him as an infant, and how Tai Lung's betrayal and subsequent rampage was a result of Oogway rejecting him as the Dragon Warrior after sensing malice within him. Tai Lung manages to break out of prison and begins his journey back to the Valley; when Shifu learns this and tells Oogway about it, Oogway makes him promise to believe in Po and names Shifu his successor before ascending to the Spirit Realm. Shifu then informs Po and the Five about Tai Lung's escape, stating Po is the only one who can stop him. Terrified, Po attempts to leave but is confronted by Shifu, who confesses that he does not know how he can turn him into the Dragon Warrior. Meanwhile, the Five depart to attempt to stop Tai Lung themselves, but are unsuccessful when he uses his paralysing nerve-strike technique on them. Shifu learns that Po can reach his full potential for physical feats when motivated by food, and so trains him in a unique kung fu style. When the wounded Five return, Shifu decides that Po is ready to...","",""
"140607","Star Wars: The Force Awakens","2015","Thirty years after defeating the Galactic Empire, Han Solo and his allies face a new threat from the evil Kylo Ren and his army of Stormtroopers.  [PLOT] Plot Thirty years after the Battle of Endor , [ a ] the First Order has risen from the fallen Galactic Empire and seeks to destroy the New Republic . General Leia Organa leads The Resistance against the First Order, while also searching for her lost twin brother Luke Skywalker . On the desert planet Jakku , Resistance pilot Poe Dameron receives a map to Luke's location before being captured by First Order stormtroopers commanded by Kylo Ren . His droid, BB-8 , escapes with the map and encounters Rey , a solitary scavenger. Ren tortures Poe using the Force and learns of BB-8 . A disillusioned stormtrooper called FN-2187 rescues Poe and the two escape in a stolen TIE fighter . Upon learning that FN-2187 has no other name, Poe names him ""Finn"". As they head to Jakku to retrieve BB-8 , the First Order shoots them down, and they crash-land. Finn survives and assumes Poe was killed after finding his jacket in the wreck. Finn encounters Rey and BB-8 , and the First Order tries to destroy the three of them with an aerial bombardment. The trio steals the Millennium Falcon and escapes Jakku. The Falcon is boarded and reclaimed by Han Solo and Chewbacca . Gangs seeking to settle debts with Han attack, but Han, Chewbacca, Finn, Rey and BB-8 escape in the Falcon . At the First Order's Starkiller Base —a planet converted into a superweapon— Supreme Leader Snoke approves General Hux 's weapon for use on the New Republic. Snoke questions Ren's ability to deal with emotions surrounding his father, Han Solo, whom Ren states means nothing to him. Aboard the Falcon , Han determines that BB-8's map is incomplete. He explains that Luke attempted to rebuild the Jedi Order but exiled himself when an apprentice turned to the dark side of the Force and slaughtered the other apprentices. The crew travels to the planet Takodana and meets with Maz Kanata , who offers to help deliver BB-8 to the Resistance. The Force draws Rey to a secluded vault, where she finds a lightsaber that belonged to Luke. She experiences disturbing visions, including a childhood memory of being abandoned on Jakku. Maz encourages her to take the lightsaber, but she flees into the woods. Maz gives Finn the lightsaber for safekeeping. Starkiller Base destroys the Hosnian star system, including the New Republic capital Hosnian Prime , leaving the Resistance without support. The First Order attacks Takodana in search of BB-8 . Han, Chewbacca, and Finn are saved by Resistance X-wing fighters led by Poe, who...","",""
"141052","Justice League","2017","Fuelled by his restored faith in humanity and inspired by Superman's selfless act, Bruce Wayne and Diana Prince assemble a team of metahumans consisting of Barry Allen, Arthur Curry and Victor Stone to face the catastrophic threat of Steppenwolf and the Parademons who are on the hunt for three Mother Boxes on Earth.  [PLOT] Plot Steppenwolf and his legions of Parademons attempt to take over the Earth using the combined energies of the three Mother Boxes . The attempt is foiled by a unified alliance including the Olympian Gods , Amazons , Atlanteans , humanity, and extraterrestrial beings. [ a ] The Mother Boxes are separated and hidden in different locations. Thousands of years later, Superman 's death following the battle with Doomsday reactivates the Boxes, attracting Steppenwolf again to Earth. He aims to gather the Boxes to form ""The Unity"", which would instantly devastate Earth and terraform it into a copy of his homeworld. Steppenwolf retrieves one Mother Box from Themyscira , prompting Queen Hippolyta to warn her daughter Diana . Diana joins Bruce Wayne in an attempt to unite other metahumans to their cause: Wayne goes after Arthur Curry and Barry Allen , while Diana locates Victor Stone . Bruce fails to persuade Arthur but finds Barry enthusiastic. Victor joins after his father Silas and other S.T.A.R. Labs employees are kidnapped by Steppenwolf, who is seeking the Mother Box protected by humanity. Steppenwolf attacks an Atlantean outpost to retrieve the next Mother Box, forcing Arthur into action. Victor retrieves the last Mother Box for the group, revealing that his father used it to rebuild Victor's body after an accident almost killed him. Knowing this information, Bruce decides to use the Mother Box to resurrect Superman, not only to help them fight off Steppenwolf's invasion but also to restore hope to humanity. Clark Kent 's body is exhumed and placed in the amniotic fluid of the genesis chamber in the Kryptonian scout ship, along with the Mother Box, successfully resurrecting him. However, his memories have not returned, and he attacks the group. Batman enacts his contingency plan: Lois Lane . Superman calms down and leaves with her to his family home in Smallville , where his memories come back. In the turmoil, the last Mother Box is left unguarded, allowing Steppenwolf to retrieve it. Without Superman to aid them, the five heroes travel to a village in Russia , where Steppenwolf's lair is located. They fight their way through the Parademons; just when all hope seems lost, Superman arrives and assists Victor in separating the Mother Boxes. The team defeats Steppenwolf, who is attacked by his own Parademons when they smell his fear. After the battle, Bruce and Diana set up a base of operations for the team. Diana and Arthur resume their heroic duties; Barry...","",""
"150540","Inside Out","2015","When 11-year-old Riley moves to a new city, her Emotions team up to help her through the transition. Joy, Fear, Anger, Disgust and Sadness work together, but when Joy and Sadness get lost, they must journey through unfamiliar places to get back home.  [PLOT] Plot In the mind of a young girl named Riley Andersen are five personified emotions that influence her actions: Joy , Sadness , Fear , Disgust , and Anger . They process her experiences into memories stored as colored orbs in ""Headquarters"", her conscious mind , and send them into long-term memory each night. The aspects of the most important ""core memories"" within her personality take the form of five floating islands. Joy acts as the leader and tries to limit Sadness's influence, perceiving her as an unnecessary burden for Riley. At age 11, Riley moves from Minnesota to San Francisco for her father's new job. On Riley's first day at her new school, Sadness retroactively saddens joyous memories, making Riley cry in front of her class. This creates Riley's first sad core memory. Joy tries to dispose of it using a pneumatic tube but knocks loose the other core memories during a struggle with Sadness, disabling the personality islands. Joy, Sadness, and the core memories are sucked out of Headquarters. In their absence, Anger, Fear, and Disgust attempt to create new happy core memories but push Riley away from her parents, friends, and favorite activities. Goofball, Friendship, and Hockey Island thus collapse into the Memory Dump, where forgotten things gradually disappear forever. In the vast long-term memory area, Joy and Sadness encounter Bing Bong, Riley's childhood imaginary friend , who suggests riding the "" train of thought "" back to Headquarters. They miss it after Bing Bong naively leads them into Abstract Thought . In Imagination Land, which is under heavy renovations, Bing Bong bemoans Riley outgrowing him and rejects Joy's attempts to cheer him up in favor of Sadness's empathy. The trio catches the train, but it stops when Riley goes to sleep. At Dream Productions, Bing Bong is imprisoned in Subconscious for crashing a dream being filmed; Joy and Sadness get themselves arrested and free him as well as Jangles the Clown, Riley's scariest memory, frightening her awake. Meanwhile, Anger inserts an idea bulb into the console to make Riley run away to Minnesota, believing this will form new happy memories. Honesty Island collapses after Riley steals her mother's credit card, leaving only Family Island and derailing the train. Joy tries to ride a ""recall tube"" back to Headquarters, but the ground below collapses, plunging her and Bing Bong into the Memory Dump. Joy discovers a sad memory of Riley losing an ice hockey game that turns happy when Riley's...","",""
"150689","Cinderella","2015","When her father unexpectedly passes away, young Ella finds herself at the mercy of her cruel stepmother and her daughters. Never one to give up hope, Ella's fortunes begin to change after meeting a dashing stranger in the woods.  [PLOT] Plot Ella , the kindhearted daughter of a wealthy merchant, lives happily with her parents. Ella's mother becomes ill; on her deathbed, she instructs Ella to always have courage and be kind. Years later, Ella's father marries the widowed Lady Tremaine , who has two daughters of her own, Drisella and Anastasia . After overhearing that Ella's father still misses his first wife, Lady Tremaine becomes bitterly jealous. When Ella's father leaves on a business trip, Lady Tremaine persuades Ella to give up her large bedroom to her stepsisters and move into the attic. Ella's father dies of illness during the journey, and Lady Tremaine dismisses all the household servants to save money, forcing their duties upon Ella instead. Seeing her face covered in cinders after sleeping by the fireplace, Ella's stepfamily mockingly dubs her ""Cinderella"". Distraught by her stepfamily's mistreatment of her, Ella goes for a ride in the woods. There, she comes across a stag hunt, and meets Kit , the crown prince , who introduces himself as a palace apprentice. They take a liking to each other, but part without him learning her name. Back at the palace, Kit learns that his terminally ill father plans to throw a royal ball, so Kit may choose a princess to marry. Kit persuades the king to invite all the eligible maidens in the land, secretly hoping Ella will come. Ella, also wanting to see Kit again, refashions her mother's old dress and attempts to join her stepfamily at the ball. However, they rip her dress and leave her behind. Ella runs into the garden in tears, and meets an old beggar woman, who reveals herself to be her fairy godmother . She magically transforms a pumpkin into a carriage, mice into horses, lizards into footmen , and a goose into a coachman . She then bestows Ella an exquisite blue ball gown and glass slippers. After casting a final spell to prevent Ella's stepfamily from recognizing her, the Fairy Godmother warns her the magic will end at the last stroke of midnight. When Ella arrives at the ball, Kit is delighted to see her, and gives her the first dance. The Grand Duke, who promised Kit to Princess Chelina of Zaragoza for political reasons, expresses annoyance and is overheard by Lady Tremaine. Although surprised to learn Kit is the prince, Ella bonds with him, and they fall deeper in love. However, before she can tell him her name, the clock chimes close to midnight, and she flees the palace, losing one of her glass slippers. The Grand Duke pursues her, but...","",""
"153312","Tulsa King","2022","New York mafia capo Dwight ""The General"" Manfredi is released from prison after 25 years and exiled by his boss to set up shop in Tulsa, Oklahoma. Realizing that his mob family may not have his best interests in mind, Dwight slowly builds a crew.  [PLOT] Premise Dwight ""The General"" Manfredi is an American Mafia capo from New York City who has just finished serving a 25-year prison sentence. Upon release, Dwight's boss sends him to Tulsa, Oklahoma , to establish criminal operations there. Dwight, who does not know anyone in the area, seeks a new crew to help him establish his empire. He first meets taxi driver Tyson Mitchell, whom he recruits as his personal driver, and acquires financing by threatening and later befriending Lawrence ""Bodhi"" Geigerman, the owner of a local dispensary. While attempting to grow his enterprise, Dwight gains many more associates, including Mitch Keller, who owns a bar Dwight frequents. Dwight initially remains in contact with the syndicate in New York but later begins to despise them. Dwight and his crew become enemies with the outlaw biker gang The Black Macadams. During this time, Dwight experiences personal and family problems as a result of his actions. Stacy Beale, a Bureau of Alcohol, Tobacco, Firearms and Explosives (BATFE; commonly known as ATF) agent and Dwight's love interest, investigates Dwight's actions and those of his crew.","",""
"153518","The Angry Birds Movie","2016","An island populated entirely by happy, flightless birds or almost entirely. In this paradise, Red, a bird with a temper problem, speedy Chuck, and the volatile Bomb have always been outsiders. But when the island is visited by mysterious green piggies, it’s up to these unlikely outcasts to figure out what the pigs are up to.  [PLOT] Plot Red, a bird with a short temper, is an outcast who lives on the outskirts of Bird Island, an island inhabited by flightless birds unaware of other islands. When a bird family berates Red for delivering their son's hatchday cake late, Red snaps at the father, resulting in Red accidentally prematurely hatching their baby. Red similarly argues with Judge Peckinpah at his hearing and is sentenced to anger management class, taught by reformed anger convict Matilda. Red meets his classmates: Chuck, a hyperactive speedster ; Bomb, who detonates uncontrollably; and Terence, a threatening, gargantuan bird who only communicates in grunts. Chuck and Bomb try to befriend Red, but he avoids them. The following day, a boat docks at the island's shore, damaging Red's house. The birds greet two green pigs, the captain Leonard and his assistant Ross, who claim to be peaceful explorers offering friendship. They introduce the birds to various innovations, including a giant slingshot , but Red becomes suspicious of the pigs' motives and sneaks onto Leonard's boat. Chuck and Bomb follow Red, and they find more pigs hidden below deck, contradicting Leonard's claim that he and Ross are alone. When Red returns to expose Leonard, everyone accepts Leonard's explanation that he only lied to see if Bird Island was safe for his simple-minded cousins. Still suspicious of the pigs, Red recruits Chuck and Bomb to find Mighty Eagle, Bird Island's missing protector and the only bird who can fly. They find Mighty Eagle on the island's tallest mountain, but he reveals himself to be an overweight, self-absorbed slacker who has retired from flying. Red witnesses the pigs planting explosives around the island and stealing the eggs while the birds are distracted by a party. Mighty Eagle refuses to help them, and Red admonishes him. Red and Bomb try to stop the pigs while Chuck warns the other birds, but the pigs destroy the village and escape with the eggs. The entire bird community, devastated and disoriented by the theft of their eggs, turn to Red for guidance, and Red rallies them to embrace their anger. They build a raft from the rubble, using the pigs' slingshot as the sail, and follow the pigs to Piggy Island. The birds discover the pigs living in a walled city ruled by Leonard, known to the pigs as King Mudbeard. Deducing that the eggs are in Leonard's castle, the birds use the slingshot to launch themselves over the walls and into the castle. Most of the birds—including Matilda and...","",""
"153657","Bosch: Legacy","2022","Bosch is now making a living as a private investigator two years after he quit the LAPD and finds himself working with one time enemy and top-notch attorney Honey “Money” Chandler. Meanwhile, Bosch's daughter Maddie is venturing into the world of the LAPD.  [PLOT] Plot Season 1 .mw-parser-output .block-indent{padding-left:3em;padding-right:0;overflow:hidden} Based on The Wrong Side of Goodbye (Book 19) and The Night Fire (Book 22) Hieronymus ""Harry"" Bosch has retired from the LAPD and works as a private investigator. Defense attorney Honey ""Money"" Chandler has him work on some cases for her. His daughter, Maddie, navigates her first days as a patrol officer with the LAPD, working from Hollywood Station, where her father used to be assigned. Bosch investigates businessman Carl Rogers, who previously hired a hitman to kill Chandler. Billionaire businessman Whitney Vance asks Bosch to discreetly investigate a private matter. Season 2 Based on The Wrong Side of Goodbye (Book 19) and The Crossing (Book 18) Season 2 begins where season 1 left off, with the kidnapping of Maddie Bosch. Bosch and Honey ""Money"" Chandler work together to catch a killer, while dodging the suspicions of the FBI as suspects in a case from season 1: the killing of Carl Rogers. [ 1 ] Maddie, following the kidnapping, struggles to find her place in her job. Season 3 Based on Desert Star (Book 24) and The Black Ice (Book 2) Finale based on Dark Sacred Night (Book 21) Honey ""Money"" Chandler campaigns to become the Los Angeles District Attorney (DA) while Bosch investigates the disappearance of the entire Gallagher family and is implicated as a conspirator in the murder of Maddie's kidnapper, Kurt Dockweiler. [ 2 ] Chandler is successfully elected DA. Bosch is cleared of involvement in the murder of Dockweiler and solves the Gallagher murders but the culprit flees to Mexico. Bosch investigates the murder of his colleague Jimmy Robertson and links it to a drug cartel, while Chandler deals with powerful political opponents. Maddie investigates a group of robbers. The finale has Bosch meet Detective Renee Ballard while investigating a cold case, and working with her to solve it. ^ .mw-parser-output cite.citation{font-style:inherit;word-wrap:break-word}.mw-parser-output .citation q{quotes:""\""""""\""""""'""""'""}.mw-parser-output .citation:target{background-color:rgba(0,127,255,0.133)}.mw-parser-output .id-lock-free.id-lock-free a{background:url(""//upload.wikimedia.org/wikipedia/commons/6/65/Lock-green.svg"")right 0.1em center/9px no-repeat}.mw-parser-output .id-lock-limited.id-lock-limited a,.mw-parser-output .id-lock-registration.id-lock-registration a{background:url(""//upload.wikimedia.org/wikipedia/commons/d/d6/Lock-gray-alt-2.svg"")right 0.1em center/9px...","",""
"154385","BEEF","2023","A road rage incident between two strangers — a failing contractor and an unfulfilled entrepreneur — sparks a feud that brings out their darkest impulses.","",""
"154505","Gangaa","2015","","",""
